{"cameraMode":{"drawMode":0,"name":"Shaded","section":"Shading Mode"},"sceneLighting":true,"audioPlay":false,"sceneViewState":{"m_AlwaysRefresh":false,"showFog":true,"showSkybox":true,"showFlares":true,"showImageEffects":true,"showParticleSystems":true,"showVisualEffectGraphs":true,"m_FxEnabled":true},"in2DMode":false,"pivot":{"x":3.5754072666168215,"y":4.058090686798096,"z":4.974870204925537},"rotation":{"x":0.05620545521378517,"y":-0.6850462555885315,"z":0.05308981239795685,"w":0.7242714762687683},"size":2.1046602725982668,"orthographic":false}