{"cameraMode":{"drawMode":0,"name":"Shaded","section":"Shading Mode"},"sceneLighting":true,"audioPlay":false,"sceneViewState":{"m_AlwaysRefresh":false,"showFog":true,"showSkybox":true,"showFlares":true,"showImageEffects":true,"showParticleSystems":true,"showVisualEffectGraphs":true,"m_FxEnabled":true},"in2DMode":false,"pivot":{"x":3.046116352081299,"y":9.973214149475098,"z":-20.4801082611084},"rotation":{"x":0.11761096119880676,"y":0.008860203437507153,"z":-0.0011167989578098059,"w":0.9929407835006714},"size":2.1046602725982668,"orthographic":false}